{"status":"ok","source":"google-news","sortBy":"top","articles":[{"author":"Zachary Cohen and Marshall Cohen, CNN","title":"Loyalty, the leak and Michael Flynn: What we know","description":"Fired FBI director James Comey's explosive testimony sparked a swift response from the White House and President Donald Trump's legal team, who have actively disputed several claims Comey made while under oath.","url":"http://www.cnn.com/2017/06/10/politics/trump-comey-testimony-timeline-what-we-know/index.html","urlToImage":"http://i2.cdn.cnn.com/cnnnext/dam/assets/170607164655-0607-comey-trump-split-red-super-tease.jpg","publishedAt":"2017-06-10T14:54:41Z"},{"author":"https://www.facebook.com/griff.witte","title":"Pressure in Britain builds on Theresa May to step aside as her top aides resign, her party plots her possible ouster","description":"May’s co-chiefs of staff had been widely blamed within the prime minister’s Conservative Party for the lackluster campaign that ended with the Tories losing their majority in Parliament.","url":"https://www.washingtonpost.com/world/pressure-in-britain-builds-on-theresa-may-to-step-aside-as-her-party-plots-her-possible-ouster/2017/06/10/e5755a08-4d52-11e7-987c-42ab5745db2e_story.html","urlToImage":"https://img.washingtonpost.com/rf/image_1484w/2010-2019/WashingtonPost/2017/06/10/Foreign/Images/AFP_PF6FN.jpg","publishedAt":"2017-06-10T13:46:00Z"},{"author":"BBC News","title":"US admits Afghanistan Helmand 'friendly fire' deaths","description":"It is said to be the first friendly fire incident since US Marines returned to Helmand in May.","url":"http://www.bbc.com/news/world-asia-40232491","urlToImage":"https://ichef-1.bbci.co.uk/news/1024/cpsprodpb/B66F/production/_96430764_mediaitem96430760.jpg","publishedAt":"2017-06-10T15:05:41Z"},{"author":"Colin Dwyer","title":"U.S. Backs Bid To Reclaim Marawi As 13 Philippine Marines Killed In Fighting","description":"The U.S. is now giving \"technical assistance\" to the country's military, according to a Philippine spokesman. The news comes amid heavy fighting to take back the city from ISIS-linked militants.","url":"http://www.npr.org/sections/thetwo-way/2017/06/10/532357370/u-s-backs-bid-to-reclaim-marawi-as-13-philippine-marines-killed-in-fighting","urlToImage":"https://media.npr.org/assets/img/2017/06/10/gettyimages-694141502_wide-b74abe79090e85d5bb931eced196c5442eb40c7d.jpg?s=1400","publishedAt":"2017-06-10T00:00:00Z"},{"author":"Theodore Schleifer","title":"Republican fundraisers can stomach Trump -- if only he'd call","description":"Mitt Romney had barely disembarked from the Silver Lake Express lift when the glad-handing and ribbing began in earnest.","url":"http://www.cnn.com/2017/06/10/politics/romney-trump-midterms-donors/index.html","urlToImage":"http://i2.cdn.cnn.com/cnnnext/dam/assets/161119173115-trump-romney-t1-1119-super-tease.jpg","publishedAt":"2017-06-10T12:25:03Z"},{"author":"","title":"Anti-Sharia marches kick off in numerous cities across the country","description":"ACT for America rallies could set up clashes between far-left and far-right activists nationwide.","url":"https://www.washingtonpost.com/national/anti-sharia-marches-planned-for-numerous-cities-across-the-country-saturday/2017/06/10/40faf61e-4d6f-11e7-a186-60c031eab644_story.html","urlToImage":"https://img.washingtonpost.com/rf/image_1484w/2010-2019/WashingtonPost/2017/02/07/Others/Images/2017-02-07/MuslimCapitolDay_05.jpg","publishedAt":"2017-06-10T16:57:00Z"},{"author":"https://www.facebook.com/mradamtaylor","title":"Analysis | Jeremy Corbyn’s surprise success tapped into an anti-elite sentiment, but he’s no Donald Trump","description":"The Labour leader and U.S. president are more different than alike.","url":"https://www.washingtonpost.com/news/worldviews/wp/2017/06/09/jeremy-corbyns-surprise-success-tapped-into-an-anti-elite-sentiment-but-hes-no-donald-trump/","urlToImage":"https://img.washingtonpost.com/rf/image_1484w/2010-2019/Wires/Images/2017-06-09/Getty/694043190.jpg","publishedAt":"2017-06-09T08:39:00Z"},{"author":"Andreas Rinke and Andrea Shalal","title":"Merkel mustering G20 support on climate ahead of July summit: sources","description":"Chancellor Angela Merkel is seeking to bolster support among G20 members for tackling climate change ahead of a summit in Hamburg next month, while trying to avoid giving the impression she is rallying an anti-U.S. alliance, German government sources say.","url":"http://www.reuters.com/article/us-germany-g20-climatechange-idUSKBN1910O9","urlToImage":"https://s1.reutersmedia.net/resources/r/?m=02&d=20170610&t=2&i=1188467550&w=&fh=545px&fw=&ll=&pl=&sq=&r=LYNXMPED590F1","publishedAt":"2017-06-10T15:19:06Z"},{"author":"Ralph Ellis and Tina Burnside, CNN","title":"2 Texas toddlers died after being left in car overnight","description":"Two young sisters died after after their mother intentionally left them in a car for more than 15 hours, Texas authorities said Friday.","url":"http://www.cnn.com/2017/06/09/health/texas-toddlers-car-deaths/index.html","urlToImage":"http://i2.cdn.cnn.com/cnnnext/dam/assets/150325082132-social-gfx-breaking-news-super-tease.jpg","publishedAt":"2017-06-09T22:54:19Z"},{"author":"BBC News","title":"Madrid cracks down on 'manspreading' on public transport","description":"A transport campaign discourages men who encroach on other seats by sitting with their legs apart.","url":"http://www.bbc.com/news/world-europe-40233435","urlToImage":"https://ichef.bbci.co.uk/news/1024/cpsprodpb/5535/production/_96431812_manspread.jpg","publishedAt":"2017-06-10T13:59:34Z"}]}